path,label,confidence
../data/raw/sans_label/001b158a-7af8-451e-bf31-3a9116265f3a.jpg,1,0.98692524
../data/raw/sans_label/00366e8d-5520-4d3c-a70b-91a7eec1f521.jpg,1,0.99764025
../data/raw/sans_label/004ce5f5-ca6b-490f-9b2f-c322c152e2ee.jpg,1,0.9921091
../data/raw/sans_label/005d9a37-8894-4eb5-8367-1015d4a43638.jpg,1,0.98161936
../data/raw/sans_label/009eac4a-c951-4da9-852a-b32e9ce20c6e.jpg,1,0.995832
../data/raw/sans_label/00e9e198-79de-47ab-9f4e-7b76152324bb.jpg,1,0.9878373
../data/raw/sans_label/01f4b8d2-56ed-4d82-ad41-6864de091425.jpg,1,0.98320055
../data/raw/sans_label/01fa1329-7524-49f5-8f11-bb9d8717a3fe.jpg,1,0.992668
../data/raw/sans_label/0208c07c-bc4b-4741-ad0f-d5beeb18cc52.jpg,1,0.9961475
../data/raw/sans_label/02af8a8e-3c79-4a3c-8412-52f483eb9411.jpg,1,0.998401
../data/raw/sans_label/02d2c771-7bf5-4771-972c-7f123088b7b0.jpg,1,0.96671385
../data/raw/sans_label/0303753e-919b-4947-8e55-4fc922bfbe35.jpg,1,0.9587023
../data/raw/sans_label/030d0b45-ee70-41f9-9e56-2581052b2c18.jpg,1,0.99458873
../data/raw/sans_label/03bd85ef-651a-4f93-8569-786dbfd37965.jpg,1,0.95707834
../data/raw/sans_label/0477e002-4775-44e2-84d9-52b93f5ee697.jpg,1,0.9755539
../data/raw/sans_label/047c949c-1610-4094-bee7-10b6ea7064a5.jpg,1,0.9889178
../data/raw/sans_label/0490c1d6-1860-4838-b5b4-b8f5d0ee5b6e.jpg,1,0.97786146
../data/raw/sans_label/04d076ce-4216-47ba-9013-6fe6956c7aed.jpg,1,0.9803034
../data/raw/sans_label/050d57f6-aebf-45d9-b4c5-045e92c9e88e.jpg,1,0.99743587
../data/raw/sans_label/0526db38-5dff-48c0-b682-0c4ae12fc125.jpg,1,0.9960056
../data/raw/sans_label/0598d2d0-ffa7-4d6a-9a58-0fb41dc6536e.jpg,1,0.9917938
../data/raw/sans_label/05e808fc-a00c-4f1e-9682-1f73915f6902.jpg,1,0.99113125
../data/raw/sans_label/06819cc7-d34d-484f-b79a-60c01e7770f4.jpg,1,0.984735
../data/raw/sans_label/06952e36-f936-456d-91b3-fd950445dcc9.jpg,1,0.985193
../data/raw/sans_label/06dd4af6-faf7-4661-a3cc-c5a30e01bb74.jpg,1,0.9967069
../data/raw/sans_label/0746ecad-9485-4245-a119-cdbe6f074d7a.jpg,0,0.98576194
../data/raw/sans_label/07ee903a-9246-4463-8250-6cd90eeaf08c.jpg,1,0.9897971
../data/raw/sans_label/0850ca4c-e6e0-44ef-be80-ba3fe3d84483.jpg,1,0.969559
../data/raw/sans_label/08d0d2e6-01f2-4344-b1a4-d603101b76a3.jpg,1,0.9814834
../data/raw/sans_label/097aeae8-d3da-4201-ac6c-fb697ee9df68.jpg,1,0.99357295
../data/raw/sans_label/09d56396-71e1-4c05-bf3f-ad755cb175a3.jpg,0,0.9905178
../data/raw/sans_label/0a2bf85c-5b87-4069-8d47-059594d7fe95.jpg,1,0.9844019
../data/raw/sans_label/0a3ac056-66c2-4c74-a857-07670a84928e.jpg,0,0.9813025
../data/raw/sans_label/0a592d17-b235-4d1f-950d-c90598e5d19e.jpg,1,0.9635786
../data/raw/sans_label/0a648d43-8eac-4a02-a654-e003192e6647.jpg,0,0.9764143
../data/raw/sans_label/0a781fe5-1d36-4035-8553-590e618b8ff2.jpg,1,0.9933961
../data/raw/sans_label/0aed155d-d211-4e46-b762-25feff9a042d.jpg,1,0.9626979
../data/raw/sans_label/0b89c970-7727-4316-af01-1b2ea58abecb.jpg,0,0.98815525
../data/raw/sans_label/0b95d2b0-db4a-4f15-a620-032b1b40cbea.jpg,1,0.98322034
../data/raw/sans_label/0bc4000a-21dc-4b24-9d43-888d8696b860.jpg,0,0.984235
../data/raw/sans_label/0beafed8-1e3b-48a3-9bdb-4dbf96432dfd.jpg,1,0.98752254
../data/raw/sans_label/0c0e7e81-ea8a-4854-901e-bf26be7514a0.jpg,1,0.9997428
../data/raw/sans_label/0ccc544b-06cd-4130-9864-0a94a632093b.jpg,1,0.95308053
../data/raw/sans_label/0cd4183f-123d-44ca-bb0d-040f9e698d24.jpg,1,0.9929168
../data/raw/sans_label/0d525cdf-aa38-4dd1-bc4b-df94ebdad32f.jpg,0,0.9850591
../data/raw/sans_label/0de779c6-c7ba-46c7-a6be-3ada2795c545.jpg,1,0.99342537
../data/raw/sans_label/0de780a4-968f-41d7-9729-af487ddfa1a2.jpg,1,0.95010704
../data/raw/sans_label/0e03c995-5e01-4d93-99bc-24db1ad09cd7.jpg,0,0.96297896
../data/raw/sans_label/0e330b05-12c4-46f5-bcc8-edde0faa0b9e.jpg,1,0.99176437
../data/raw/sans_label/0e429956-8bfe-4517-8fe8-be42f0eab341.jpg,1,0.97661245
../data/raw/sans_label/0e6c3f73-189a-420c-b17e-17dd19ac7736.jpg,1,0.98520297
../data/raw/sans_label/0e6c5eff-a995-4729-8dec-e46350621ceb.jpg,1,0.9941738
../data/raw/sans_label/0f1671c9-0387-484e-8e31-61e1fe074e7b.jpg,1,0.9569099
../data/raw/sans_label/100d0f9e-344d-466b-99a7-ff8dd90b7611.jpg,1,0.99020153
../data/raw/sans_label/101be262-63cd-4a5d-ba17-15a92e881c50.jpg,1,0.98731357
../data/raw/sans_label/107d8f7a-af33-493c-aed2-895db3dd948f.jpg,0,0.9876915
../data/raw/sans_label/10ac7600-4206-4e17-a866-e4bbc536eaa7.jpg,0,0.9906386
../data/raw/sans_label/10d86392-5ab8-404c-9332-939a323dc8de.jpg,1,0.9881045
../data/raw/sans_label/113a89a4-4822-45a2-8bb8-d21c629fac38.jpg,1,0.9806953
../data/raw/sans_label/11698a42-88ac-4e65-8ea8-2e246db28656.jpg,1,0.9802719
../data/raw/sans_label/118bb3c1-4c17-4741-a7f2-b178f838fa6c.jpg,1,0.9815315
../data/raw/sans_label/1194593c-7ccd-4bbd-bbec-fd08b75afe1e.jpg,1,0.98483026
../data/raw/sans_label/11e90ad1-ddfd-4104-9776-db82c455b47c.jpg,1,0.9869284
../data/raw/sans_label/11f2b893-2739-4cef-9433-3b4a724270e9.jpg,1,0.99848866
../data/raw/sans_label/11fbbab2-b71f-43f1-b216-9232232322e9.jpg,1,0.95956635
../data/raw/sans_label/131400bc-ac37-42f8-9e8a-f96e5deae7d5.jpg,1,0.959688
../data/raw/sans_label/13eb3ad4-a065-4e25-888f-b125463dba24.jpg,1,0.9951357
../data/raw/sans_label/14285322-faf1-4587-8681-b1637e90abe1.jpg,1,0.9519249
../data/raw/sans_label/1447c990-df09-44f9-bbc6-a8e4ec3e7c33.jpg,1,0.96990013
../data/raw/sans_label/153bfc9b-79f5-4e36-b253-78d5a1dd8066.jpg,1,0.9542705
../data/raw/sans_label/1567a15d-5f22-46ca-a77c-cd88ee60b7fd.jpg,1,0.9735074
../data/raw/sans_label/156ff8c8-8941-4692-8d13-a6e19a755277.jpg,1,0.9825063
../data/raw/sans_label/15e2a58c-8b50-481e-bcb0-b9b4b2e16a26.jpg,1,0.9848822
../data/raw/sans_label/160219f1-5b85-4655-b7ca-038a20164df1.jpg,1,0.9677917
../data/raw/sans_label/1672b52c-2238-4e29-91b7-0be7113b6870.jpg,1,0.9888592
../data/raw/sans_label/16a16991-7c89-47c9-b96d-256ea1566f7c.jpg,0,0.97094405
../data/raw/sans_label/16c95930-a0c3-49d7-9d09-813d796db9e7.jpg,1,0.9908693
../data/raw/sans_label/16cf3809-cbe8-45b9-8cec-3fc528ec5f31.jpg,1,0.9824457
../data/raw/sans_label/16f86049-de6f-44e6-a7f0-5d46a223cee1.jpg,1,0.98127246
../data/raw/sans_label/1734f1c3-dc3a-4130-a94f-9836c8db4458.jpg,1,0.97267276
../data/raw/sans_label/17435d59-0819-4e99-b85a-435e13079291.jpg,1,0.9554122
../data/raw/sans_label/176911ef-fb4a-4bd2-b480-df63e7ef8ea7.jpg,0,0.991098
../data/raw/sans_label/1782f7fc-1cda-46c0-a644-e2d6d6ab8301.jpg,1,0.9982364
../data/raw/sans_label/17a0afbb-f7eb-415b-a909-14d625a20c49.jpg,1,0.99793386
../data/raw/sans_label/17a51238-6b2e-4a63-9fa4-232fc89bf6a5.jpg,1,0.9967415
../data/raw/sans_label/17fa3bf0-3fe1-44ae-b516-d6ef2f23fa48.jpg,1,0.99013937
../data/raw/sans_label/18322501-e80d-4458-8d1b-1d3485ca3a6a.jpg,1,0.9895846
../data/raw/sans_label/18599c4b-13b7-434f-a6fc-4ab53c41aa95.jpg,0,0.98854625
../data/raw/sans_label/194106ce-8b9a-4a6f-b82d-643f09169c9f.jpg,0,0.99380946
../data/raw/sans_label/198fc151-a170-4ede-8b54-6a8d66af4741.jpg,1,0.9922386
../data/raw/sans_label/19c67523-55dc-44b2-8887-a1e7f3f7eddf.jpg,1,0.9881875
../data/raw/sans_label/1a308b44-87af-4ff2-8b88-da32c6df05af.jpg,1,0.97476363
../data/raw/sans_label/1ac88e1b-f635-42c4-81d2-e8c784b8fd33.jpg,1,0.97012246
../data/raw/sans_label/1b73a930-df46-4138-9999-c2196a5dfe55.jpg,1,0.9910199
../data/raw/sans_label/1be0ace1-a982-4cb1-ba98-7f17518035ca.jpg,0,0.95135844
../data/raw/sans_label/1c33c5bf-5966-4745-9ba0-1b0b2e724c6f.jpg,1,0.99562705
../data/raw/sans_label/1c4c6352-597e-4e49-8cb3-3e6197d9661a.jpg,1,0.9981589
../data/raw/sans_label/1cee76e0-5ad8-4ae2-be33-b5779fc7ca5b.jpg,0,0.99059457
../data/raw/sans_label/1dd22de5-a53a-4697-a3b0-9f24f35fa7e9.jpg,0,0.9868985
../data/raw/sans_label/1ddf5fa5-9379-423f-b599-cd9c7e6aa42c.jpg,1,0.9745874
../data/raw/sans_label/1def01bc-1c88-40a1-8c55-e1c748952af2.jpg,1,0.9785454
../data/raw/sans_label/1e6bf052-8e82-45c3-95fe-40f996e5d6e5.jpg,1,0.95718044
../data/raw/sans_label/1e7b48e7-c206-4428-ad08-20dc11a6b5a5.jpg,0,0.9971966
../data/raw/sans_label/1f1d3f05-58a4-43bb-9757-2663d06dc45b.jpg,1,0.9901607
../data/raw/sans_label/1f34ffca-95a8-40d1-8ce5-daf2d5186c84.jpg,0,0.995788
../data/raw/sans_label/1fa589e0-0d6d-4bd3-9134-961fb3e14f8f.jpg,1,0.9883101
../data/raw/sans_label/1fafde0a-7b47-476d-943e-47b0018d58db.jpg,0,0.98476
../data/raw/sans_label/1fc889f8-e3d2-4483-92d2-4f81bcaefe7d.jpg,1,0.95236135
../data/raw/sans_label/1fca4a00-3eb2-4667-9f39-697ae1480926.jpg,1,0.9531921
../data/raw/sans_label/201a4b53-cca5-4923-a87f-36178d619635.jpg,1,0.9806189
../data/raw/sans_label/2032cd73-403b-4732-ab13-c731bba7d370.jpg,1,0.9715289
../data/raw/sans_label/20583523-e96c-48b1-9e05-0f9bd74bcd92.jpg,1,0.96841097
../data/raw/sans_label/20a81a33-5a41-4ea5-8a1c-e6411ad18fad.jpg,1,0.9921915
../data/raw/sans_label/2150e80f-cc5c-4be3-a102-f288c418631c.jpg,1,0.99367034
../data/raw/sans_label/21915aea-8e4a-462a-a9f0-f28f88d739a5.jpg,1,0.9958295
../data/raw/sans_label/224880e9-c10f-4de6-b2f2-32d06dd8a295.jpg,0,0.9608123
../data/raw/sans_label/22b4faf1-e172-4bae-86f9-d2635bdcdf5c.jpg,1,0.9673181
../data/raw/sans_label/22efad41-71a8-4ac4-8ba7-731a22fc8f0f.jpg,0,0.99670017
../data/raw/sans_label/23506eb1-8cd8-4558-836c-1835ee1ca61b.jpg,1,0.9903921
../data/raw/sans_label/239b9986-e7d3-4a2f-a259-0947eef56f52.jpg,1,0.993089
../data/raw/sans_label/243243ad-a8e1-4761-9800-6d32fb4cdfe6.jpg,1,0.99795604
../data/raw/sans_label/2433d50c-ce05-4641-8db6-515a8a1bf78e.jpg,1,0.9983615
../data/raw/sans_label/2439ba57-aa49-4cab-8b55-b20309852f4d.jpg,1,0.99588335
../data/raw/sans_label/249b655c-d37c-4e75-be45-0e687624b238.jpg,1,0.96802956
../data/raw/sans_label/25250488-7283-4694-9748-af05b55cb8d1.jpg,1,0.9830752
../data/raw/sans_label/25262647-af5a-4f96-b728-b440d0e854b5.jpg,1,0.9895118
../data/raw/sans_label/254784f6-116e-4b70-a5b3-44e924817123.jpg,1,0.98596907
../data/raw/sans_label/2572db89-6df6-47a4-b395-a834b8541a28.jpg,0,0.9983495
../data/raw/sans_label/25e31a25-25eb-4c22-a414-0fb8eae6cf09.jpg,1,0.9815856
../data/raw/sans_label/26677725-4da4-4321-866b-63a12675640b.jpg,1,0.9663439
../data/raw/sans_label/26ff3a8d-93cb-43de-aa5a-e71b74348b3b.jpg,0,0.9844841
../data/raw/sans_label/27ca19d4-03b2-4968-90c0-855c32d76c13.jpg,1,0.9958372
../data/raw/sans_label/2836c6e4-a50e-4f96-a057-33405b18de0d.jpg,1,0.9748718
../data/raw/sans_label/28f55fc6-1d27-4aed-9b19-96b9075a5622.jpg,1,0.997572
../data/raw/sans_label/2918e699-5fee-4936-90a8-7e61827ee531.jpg,0,0.9872253
../data/raw/sans_label/2a098f48-f13b-462e-9f59-7232cf01db8e.jpg,1,0.991663
../data/raw/sans_label/2a103299-4ee4-416e-bf86-cb4f06c96897.jpg,1,0.9965256
../data/raw/sans_label/2a28835d-bf8b-4a84-88ca-822c5e411b6a.jpg,1,0.9895169
../data/raw/sans_label/2a6017d7-244c-49ae-90f0-f3e5f445d90c.jpg,1,0.9918611
../data/raw/sans_label/2aaee55e-bd7c-4b53-bc10-f0655e9c343c.jpg,1,0.9911185
../data/raw/sans_label/2ba54f20-318c-4c04-b110-0ae0b80f60df.jpg,0,0.9959838
../data/raw/sans_label/2baa54db-96b9-4ec0-ab61-c948aaac28e9.jpg,1,0.9903018
../data/raw/sans_label/2bc7df2a-1e79-4217-8c1d-8ed01ea05d34.jpg,0,0.96521074
../data/raw/sans_label/2c053bfd-7f9c-46f1-99fb-36320171040c.jpg,1,0.9789013
../data/raw/sans_label/2c4fa56e-5827-4398-8d9c-9b7a8ad5b1cf.jpg,1,0.97194046
../data/raw/sans_label/2d1efda4-14be-478c-922e-4949e3580eb4.jpg,0,0.97809535
../data/raw/sans_label/2daa3746-ce60-4272-a2ea-397e5b761951.jpg,1,0.99176735
../data/raw/sans_label/2e039f72-ee1f-4bef-a7ee-ac814fb510b6.jpg,1,0.9771367
../data/raw/sans_label/2e0fca33-43ed-4b12-b24e-3d232e89c380.jpg,0,0.96503377
../data/raw/sans_label/2e255b7b-ccf0-4e3a-95cf-eb4460d5ae85.jpg,1,0.9815217
../data/raw/sans_label/2e671412-32fd-4136-9844-f7053b0696c9.jpg,1,0.9534817
../data/raw/sans_label/2e851a56-15c3-4063-b004-382142142e97.jpg,1,0.98319304
../data/raw/sans_label/2eb47d1a-f7b6-447b-832d-5d56ef7be20c.jpg,1,0.991339
../data/raw/sans_label/2eba5393-94d5-4341-b3cd-2f6f26e27b78.jpg,1,0.99185646
../data/raw/sans_label/2f0c7977-339e-4e46-b412-c8fd1a8d05b0.jpg,0,0.98891944
../data/raw/sans_label/2f4afc63-e538-4ff1-9171-cfec5ea3ac60.jpg,0,0.97675747
../data/raw/sans_label/2f75f594-2252-4e72-98a3-19b63f7a8bb0.jpg,1,0.96337867
../data/raw/sans_label/3019cc7d-ae57-4887-9d9a-b1b063478a62.jpg,1,0.9821515
../data/raw/sans_label/302226bb-03f5-437b-8f97-f023756010ae.jpg,1,0.9888926
../data/raw/sans_label/3058ed0b-2e00-4383-9cb6-8d425be1d69b.jpg,0,0.9989366
../data/raw/sans_label/30f4d898-458b-420e-b687-9fd4a12eedcc.jpg,0,0.96016455
../data/raw/sans_label/30ffee72-6e84-4d01-88a3-a09769c1b6cf.jpg,1,0.993952
../data/raw/sans_label/31d0ec8d-0411-438f-9ab2-ac02f0bb5775.jpg,0,0.9854831
../data/raw/sans_label/31dfb326-02c8-43d8-9fe9-b71554519dbb.jpg,1,0.97958976
../data/raw/sans_label/32179fa4-f41e-45cb-b8fd-a5ed748b6e0c.jpg,1,0.9878419
../data/raw/sans_label/32caf3b1-12a7-4479-8100-ba6bc4871c19.jpg,0,0.97623086
../data/raw/sans_label/32e39df2-7d70-4840-9499-a67e3732c15e.jpg,1,0.99839956
../data/raw/sans_label/3321576b-367a-4938-8d64-67e51250b119.jpg,1,0.97363216
../data/raw/sans_label/3387325e-d04f-474f-b92c-ddcd30ec1459.jpg,1,0.9585193
../data/raw/sans_label/33a155f9-8a6b-44fc-a8ae-7113b07b8f91.jpg,1,0.9773539
../data/raw/sans_label/33a6d838-67db-4ad2-a67a-b4d4b641ec8a.jpg,1,0.99579066
../data/raw/sans_label/342d6428-161c-44ed-9d64-06bcf5dce28e.jpg,1,0.9768832
../data/raw/sans_label/34b18f32-9585-47b3-8b06-e3f3f824cc4f.jpg,1,0.96779156
../data/raw/sans_label/34e338eb-7878-434e-91c2-02c21dd0ef90.jpg,0,0.991316
../data/raw/sans_label/356d690f-490f-45e0-8eef-70159517d826.jpg,1,0.9957164
../data/raw/sans_label/356e6bfb-7450-4b8c-bbcd-a249aff5df0b.jpg,1,0.9730137
../data/raw/sans_label/36237878-c00d-4943-9ae5-66858bf5f88c.jpg,0,0.9673143
../data/raw/sans_label/36aa97d2-9e9b-4d5a-8b69-ac719d8012e9.jpg,1,0.9808215
../data/raw/sans_label/36d73f55-0c1c-4e0e-8d95-44a7a86f2bce.jpg,1,0.99725515
../data/raw/sans_label/36f49b25-9b44-4539-a281-133ea3b82e57.jpg,1,0.9896791
../data/raw/sans_label/37930978-9a33-452a-9f2b-514a882cfcb1.jpg,1,0.98328304
../data/raw/sans_label/379370a3-44c0-419c-941f-dd99692e70e2.jpg,1,0.97747266
../data/raw/sans_label/38330f8d-b1b3-4c5d-a9aa-5637ea96a44d.jpg,1,0.9515783
../data/raw/sans_label/391fa099-33ae-4f27-bbbc-248f072a9373.jpg,1,0.9520684
../data/raw/sans_label/39212733-698a-40da-9b79-43ba2eb9917c.jpg,1,0.98332745
../data/raw/sans_label/3a0ffe76-2d79-4426-bb1c-e3ae39ef3c03.jpg,1,0.9736744
../data/raw/sans_label/3a572471-d25c-44a5-a164-1c015e03e655.jpg,0,0.9989366
../data/raw/sans_label/3afd9d56-d6e9-4d81-bdf7-2ee60e20f366.jpg,1,0.99549854
../data/raw/sans_label/3aff54be-b7ff-4071-abce-a25915bb0453.jpg,1,0.9906316
../data/raw/sans_label/3b0a6481-33b8-47b5-b1b5-a87f612468c8.jpg,1,0.992004
../data/raw/sans_label/3b1f05e1-7b97-4e82-9574-61f36a179d1c.jpg,1,0.9705338
../data/raw/sans_label/3b44606b-e7fe-4d15-9609-d11cc657fd6f.jpg,1,0.9611223
../data/raw/sans_label/3b763d9e-91a1-403e-8c0c-edd716c08251.jpg,0,0.998372
../data/raw/sans_label/3b9acde3-0830-4ad3-95ac-fd47b5a7f2e7.jpg,1,0.9826162
../data/raw/sans_label/3bf6c1a5-f039-4408-8034-4c575ab55e7b.jpg,0,0.99787235
../data/raw/sans_label/3d044239-3bcc-4511-a52f-c415b51e5f58.jpg,1,0.97063285
../data/raw/sans_label/3d19107a-9578-481b-9063-791dd3c2f06f.jpg,1,0.98512924
../data/raw/sans_label/3d6aa1fe-6c9f-4afa-a499-dc909d838e98.jpg,1,0.9957034
../data/raw/sans_label/3d793a95-4fa0-4cd9-8017-0dd7e5fd1d20.jpg,1,0.98946035
../data/raw/sans_label/3d93aeef-b3f6-4b56-a9db-271eb2a012bf.jpg,1,0.9975331
../data/raw/sans_label/3de3c09a-52bc-4915-bb84-61a0cfedf855.jpg,1,0.9925128
../data/raw/sans_label/3e3bc53d-e0df-450f-b93b-9d3e6060e195.jpg,0,0.99512684
../data/raw/sans_label/3e5acc42-321e-45eb-ba51-ecca20a29587.jpg,1,0.9960295
../data/raw/sans_label/3ead2ab0-c386-48b7-8e2f-77b0a7219695.jpg,1,0.9961521
../data/raw/sans_label/3f344776-95e6-403b-9624-08234c01d2c2.jpg,1,0.96792376
../data/raw/sans_label/3f5ace85-69f1-4cad-82d3-2d85ba19c5d9.jpg,1,0.9768811
../data/raw/sans_label/3fc6f478-c3ef-4df8-a016-17c9c28805d5.jpg,1,0.99811375
../data/raw/sans_label/3fd266be-c678-4720-a098-e03acdd357ec.jpg,1,0.99301404
../data/raw/sans_label/40a84ff8-47bf-4962-80d1-98ab2bf63a4d.jpg,0,0.9841687
../data/raw/sans_label/40e7db67-c2e3-4f79-943d-d6ac5b35cf2e.jpg,0,0.9839293
../data/raw/sans_label/4167f137-70aa-4295-9237-e6f3d8ddec87.jpg,1,0.99723095
../data/raw/sans_label/4171779c-96fe-4b29-afa0-c71919507cc3.jpg,1,0.9970106
../data/raw/sans_label/41b08a1e-2cff-48e3-a659-c0e1e658e7fc.jpg,1,0.9885174
../data/raw/sans_label/41d0f225-4842-4b7b-9e54-9952e603e03f.jpg,1,0.9802377
../data/raw/sans_label/420bc65c-4456-45ff-b5b4-19ba112649c3.jpg,0,0.95936126
../data/raw/sans_label/4235abf9-6849-4a61-b70e-96317f1548c6.jpg,1,0.9976165
../data/raw/sans_label/4245d386-f23e-4f0e-b5e6-dc141da90edb.jpg,0,0.9783479
../data/raw/sans_label/425208de-a7b6-48b4-a44c-3e5199b97fef.jpg,1,0.9852946
../data/raw/sans_label/425c79ee-7d27-4f56-bc4a-1379504fc2a7.jpg,0,0.987928
../data/raw/sans_label/42d9ce05-9a99-4f86-b7fa-807a3f62396b.jpg,0,0.99437076
../data/raw/sans_label/43dbbbbc-4970-46ef-8f45-20aec836e19a.jpg,1,0.991708
../data/raw/sans_label/43e52669-bf1e-468a-a962-e2cb5b258314.jpg,1,0.97630775
../data/raw/sans_label/44139282-f2e8-4ab1-b16c-d459a0a33a89.jpg,1,0.998519
../data/raw/sans_label/44303155-6799-420d-a55d-99e018674515.jpg,1,0.99602205
../data/raw/sans_label/444fe6ac-f7e6-47ae-acbb-3a50c39d9c6e.jpg,1,0.98008037
../data/raw/sans_label/445cf17d-d94e-4c4d-928f-75ef64f771e9.jpg,1,0.9930837
../data/raw/sans_label/448dad51-615d-4a17-84bc-588412fb79f4.jpg,0,0.97073895
../data/raw/sans_label/46718442-5923-4b9f-b2f4-c64d55cdbb7b.jpg,1,0.99322116
../data/raw/sans_label/470fdac5-3acb-4d5a-aa31-aaf866697c44.jpg,1,0.9951467
../data/raw/sans_label/473788b6-9e8e-449e-82fe-c4f75c13ad96.jpg,1,0.9971908
../data/raw/sans_label/478a4925-c244-4ad7-9df0-a22840d9a508.jpg,1,0.99103713
../data/raw/sans_label/47abe1b3-9a05-4d39-bae6-f3287dfffa60.jpg,1,0.96762955
../data/raw/sans_label/4847c338-78a2-4d87-a820-058ce5ebb809.jpg,1,0.98289883
../data/raw/sans_label/487ce1da-e303-4e8d-bcc4-9e857ad7b982.jpg,1,0.9987521
../data/raw/sans_label/48a96c9e-737b-4604-b619-9ba6d533a449.jpg,1,0.9503882
../data/raw/sans_label/48db0c1b-9bf0-4260-8de9-59ba582b8c64.jpg,1,0.9943652
../data/raw/sans_label/49439d86-3c4a-4e7a-ae95-f5c545a07faf.jpg,1,0.98143584
../data/raw/sans_label/4969375d-41fa-4be7-bd79-ac39227781ab.jpg,1,0.99914145
../data/raw/sans_label/4a0dcb3d-b143-4a64-8665-d150a0397f9d.jpg,1,0.98509395
../data/raw/sans_label/4a607152-f955-4c6c-becd-44d73e22988d.jpg,0,0.99205935
../data/raw/sans_label/4ad95ffb-24ab-40f0-88f2-22b36a6b2906.jpg,1,0.98603094
../data/raw/sans_label/4beb7ae1-51f0-48f2-bc18-a13500e164ef.jpg,1,0.9924051
../data/raw/sans_label/4cc8628e-3700-45cc-9bd3-30c727c42a46.jpg,1,0.9920839
../data/raw/sans_label/4d0e8bfd-1207-471b-9266-384ee890470a.jpg,1,0.9741537
../data/raw/sans_label/4de2f2d2-e55a-419f-9180-cb248afd5546.jpg,1,0.9772018
../data/raw/sans_label/4f843f10-b692-4744-a9db-754727f78b1b.jpg,1,0.99091107
../data/raw/sans_label/4fc6fd73-542f-4f22-a4c1-db9804334e69.jpg,1,0.99897075
../data/raw/sans_label/4ff27469-de3a-4025-8ae9-7ca95650115c.jpg,0,0.9895377
../data/raw/sans_label/5068407e-c4f6-4d77-9a17-eb936200b368.jpg,1,0.95319057
../data/raw/sans_label/50b98648-0e5b-4fbd-bb2b-bef1be46a55b.jpg,1,0.9959638
../data/raw/sans_label/51a311cf-b0df-4759-8b4b-0dae8eee2a4e.jpg,1,0.9942977
../data/raw/sans_label/51a964bd-5916-45b8-91ae-81a0635143a9.jpg,1,0.9839041
../data/raw/sans_label/52b3b597-7397-4e1c-8e8b-8f8b84af20b7.jpg,0,0.9879923
../data/raw/sans_label/52f16dc2-f3c0-499c-9a50-59e02341b0fa.jpg,1,0.99556786
../data/raw/sans_label/52fe9479-660b-47f8-955e-ebf52fe8c9aa.jpg,1,0.9893183
../data/raw/sans_label/530336b1-b63c-4693-a842-088374c12d4b.jpg,1,0.9963903
../data/raw/sans_label/531d1c0c-a400-41ea-b3a0-d73f59885416.jpg,1,0.97994083
../data/raw/sans_label/5343b736-574c-4a8b-8a26-606a727a3ba2.jpg,1,0.9775605
../data/raw/sans_label/53af10d9-bad5-48ff-ba27-f26153fb11a1.jpg,1,0.983065
../data/raw/sans_label/5408cb44-850a-49d9-8f6e-8e7d7d6ea44a.jpg,0,0.98763895
../data/raw/sans_label/544f03e7-a98e-4337-8fc0-01ace3ec18e1.jpg,1,0.99250245
../data/raw/sans_label/553cf3fa-ab91-47b4-98c9-9e6c9f3c964f.jpg,0,0.9821079
../data/raw/sans_label/5544c82f-910d-4207-a46f-7e89a740c22e.jpg,1,0.9798441
../data/raw/sans_label/55651521-e806-425c-8314-9fd20864b090.jpg,1,0.9981717
../data/raw/sans_label/56349c6c-aa8c-49a4-9112-f50938eecfed.jpg,0,0.99604
../data/raw/sans_label/566df089-a010-4e9a-8038-48bafb8d65c4.jpg,1,0.9855444
../data/raw/sans_label/5674a7bf-6fe6-4c43-b574-fdd81608e18b.jpg,1,0.9761779
../data/raw/sans_label/56839f79-a382-40e1-854d-312d7e2e7c11.jpg,1,0.98878586
../data/raw/sans_label/56c4e87b-d26c-4163-aad6-cc18cdb31c4d.jpg,1,0.98401284
../data/raw/sans_label/56e37c03-c9a4-4e39-8d6f-12bf8e03dcb4.jpg,1,0.9973756
../data/raw/sans_label/56f43b5b-e894-4a26-9117-e12b45937248.jpg,1,0.9586308
../data/raw/sans_label/5735cc06-85b0-48a3-84c0-b636f7817ac5.jpg,1,0.99304587
../data/raw/sans_label/5795682e-91f2-4aa7-917a-55b589fda78b.jpg,1,0.982876
../data/raw/sans_label/57baf15b-026f-49e4-8fe5-0b46802abba3.jpg,1,0.99740833
../data/raw/sans_label/58cba4ba-db60-4790-af57-466b841a20ce.jpg,1,0.9782348
../data/raw/sans_label/5917a21d-0a1e-4138-ab5d-0d0e29d32b6b.jpg,1,0.98611605
../data/raw/sans_label/592e9fb8-cf27-4acf-ab1f-7644e76ff88e.jpg,1,0.98520297
../data/raw/sans_label/59f4a53f-126b-4239-b6c4-7d352eec2ad5.jpg,1,0.9662275
../data/raw/sans_label/5a989308-5f9a-4528-9323-7a6c6547107d.jpg,0,0.99624103
../data/raw/sans_label/5aafb393-a10b-430e-b1eb-5a86947c4395.jpg,1,0.9917966
../data/raw/sans_label/5ad5d915-777b-4f36-84a1-2c019a869145.jpg,0,0.98901564
../data/raw/sans_label/5b2e35be-2519-4ce5-bf34-3632e6e697e7.jpg,1,0.9736109
../data/raw/sans_label/5ba37d73-71d7-42f0-9d4f-f5180e6aa90b.jpg,0,0.96503377
../data/raw/sans_label/5c13438d-0564-4421-85c6-30d58bc1610c.jpg,1,0.9533082
../data/raw/sans_label/5c3fce72-b187-4488-bbe6-dfa02179e536.jpg,1,0.9851162
../data/raw/sans_label/5c4bac09-ff98-42e0-92d7-39d2795ce655.jpg,0,0.96961504
../data/raw/sans_label/5c70c07a-e371-49c9-ae30-2946d0a0d325.jpg,1,0.98999715
../data/raw/sans_label/5cfffb87-69c7-43fe-beff-bd68faf57a4c.jpg,1,0.9942445
../data/raw/sans_label/5d54c255-27b9-4656-9450-b0482579555a.jpg,0,0.9971842
../data/raw/sans_label/5d67d159-6e50-4a5e-a3ce-aa87c190d358.jpg,1,0.95928985
../data/raw/sans_label/5d7dc03a-a9ef-4c24-9cb9-aee319a7ada5.jpg,1,0.98851496
../data/raw/sans_label/5dd5c97a-611d-4503-b61b-41e0c3392f01.jpg,0,0.9744838
../data/raw/sans_label/5ddcb581-7e49-4d44-9cb0-ff728b2a0742.jpg,1,0.9956867
../data/raw/sans_label/5df0a274-ccd4-4403-ac8c-453f51ffeedc.jpg,1,0.9571857
../data/raw/sans_label/5e507feb-4ab0-4ac8-b211-5f34dd99e490.jpg,1,0.99770445
../data/raw/sans_label/5ed35eaf-bdfa-452f-b7b7-85217d1ca78f.jpg,1,0.9909831
../data/raw/sans_label/5ee07b35-5f1b-4871-986f-9890511a6459.jpg,0,0.98097897
../data/raw/sans_label/5f4ed338-616e-43d7-b2a6-da67f4cdde5e.jpg,1,0.99131036
../data/raw/sans_label/5f7d15a8-3033-47f9-8afc-6e18d3652ce1.jpg,1,0.98993915
../data/raw/sans_label/60fc769c-658f-448d-b704-74364e12ad05.jpg,1,0.9890482
../data/raw/sans_label/6127ee10-688a-4e71-9b84-e80719bf4ef8.jpg,1,0.9772823
../data/raw/sans_label/61573140-5d9f-4678-96d9-2edd5b17cfe5.jpg,1,0.9896713
../data/raw/sans_label/615bc32b-fc75-4e88-8218-185988721a2b.jpg,1,0.99256504
../data/raw/sans_label/62417f42-1c08-4c56-840e-2a360d05af1c.jpg,1,0.9724572
../data/raw/sans_label/629ce647-ee7a-40ef-95a5-c991c5ba7665.jpg,1,0.98832124
../data/raw/sans_label/62acd743-0555-4bb9-b26d-c4c8f09409f3.jpg,1,0.9721905
../data/raw/sans_label/62bfdf9a-a52d-4601-bd89-5da0b9b31447.jpg,1,0.98375535
../data/raw/sans_label/62c94be8-7c39-492e-b536-c5251beb12f3.jpg,1,0.9728827
../data/raw/sans_label/63493130-2687-4ed7-90a0-c5f26adad303.jpg,0,0.97611487
../data/raw/sans_label/6387d2ce-33c0-48d1-90f4-720f19382f62.jpg,0,0.95694464
../data/raw/sans_label/64a29f50-88e4-4e19-bfcc-c838e9566c5d.jpg,1,0.990346
../data/raw/sans_label/64e3c52e-6351-4501-a3bf-713cecc6b598.jpg,1,0.96953
../data/raw/sans_label/65305eca-4322-433d-8b85-018e7f3b76c8.jpg,1,0.9530381
../data/raw/sans_label/6543f400-4a2f-4365-b36f-e6fecf3799d4.jpg,1,0.9795598
../data/raw/sans_label/65664115-d6c0-4d61-8708-1e8e36f1c193.jpg,1,0.985435
../data/raw/sans_label/66787dcb-65fc-465b-99f8-a5f3df43de8f.jpg,1,0.9861427
../data/raw/sans_label/66d4bf2b-0482-4db4-885e-89572cb5fc98.jpg,1,0.982142
../data/raw/sans_label/67236d73-599f-4892-962a-dce0a9385dfa.jpg,1,0.9905625
../data/raw/sans_label/67722cde-ef60-48a0-8509-4fb75a2528b3.jpg,1,0.99451065
../data/raw/sans_label/67e3f880-94e9-42cc-bb99-5bba6b4bffcd.jpg,1,0.99121875
../data/raw/sans_label/6825eab8-f17c-4521-a5b7-818729c0c5d9.jpg,0,0.95158523
../data/raw/sans_label/68894621-bd4e-4ea1-92e4-049a42ea00d3.jpg,1,0.9817307
../data/raw/sans_label/68b3a1ed-7cc5-4267-bd56-f043506b7f77.jpg,1,0.9716655
../data/raw/sans_label/68dec09a-7f1c-40e7-94f6-ca2c39073794.jpg,1,0.99759537
../data/raw/sans_label/68e62626-7a8b-4149-baba-5550379957e7.jpg,1,0.9784454
../data/raw/sans_label/691c1f9a-1fd6-4abc-bd75-db261111bd2b.jpg,1,0.98163074
../data/raw/sans_label/692df5a7-346a-45cf-a283-07806ed8bb0b.jpg,1,0.963425
../data/raw/sans_label/694f4feb-433e-458a-8112-64c143ad8193.jpg,1,0.99442744
../data/raw/sans_label/696edec1-fa74-41ed-bf5d-f97cade93e84.jpg,1,0.9864867
../data/raw/sans_label/69bbe849-f752-4ee7-890f-6bbba6638e28.jpg,0,0.95798784
../data/raw/sans_label/6a3d7f99-a40c-4417-a617-4e7214bdccc0.jpg,1,0.9974401
../data/raw/sans_label/6a7044e6-3c4d-4116-a9a3-30cba4d29631.jpg,0,0.9955925
../data/raw/sans_label/6aa09275-6dea-49aa-ac72-17be13b76fa5.jpg,1,0.96848196
../data/raw/sans_label/6b21bb22-dc60-4553-9d0a-887785ea9ad1.jpg,0,0.9864823
../data/raw/sans_label/6bca1868-78e1-4fdb-8529-1dc544531537.jpg,1,0.9855613
../data/raw/sans_label/6c2fefb9-b272-4ac9-ad8a-9ff7392fff20.jpg,1,0.9656175
../data/raw/sans_label/6c3376de-dc04-4a3f-9025-91bab1caeef1.jpg,1,0.9703204
../data/raw/sans_label/6c6496bf-be83-40ac-90b3-3ae38c62e8ca.jpg,1,0.9970325
../data/raw/sans_label/6cc3a22b-54d0-4463-b7e1-fc7ea98b8deb.jpg,1,0.9728505
../data/raw/sans_label/6ce8de0b-3ea8-4ad9-85a5-245ea0d1405c.jpg,1,0.99143726
../data/raw/sans_label/6d2bc111-d038-4d58-9fab-207791cf729b.jpg,1,0.99336547
../data/raw/sans_label/6d2cbcf4-0b17-4f23-9009-4d83be9a2dcd.jpg,1,0.9687529
../data/raw/sans_label/6d2dd6dd-cb52-449f-b878-be06d24c6f45.jpg,0,0.96847993
../data/raw/sans_label/6d54198f-6c33-4158-8c3b-41ae0528f76d.jpg,0,0.9831126
../data/raw/sans_label/6d6fe912-d114-48cd-8287-38fe3f715317.jpg,1,0.99539715
../data/raw/sans_label/6d76f746-5892-4047-baf4-f10e04f666b0.jpg,1,0.99629694
../data/raw/sans_label/6d811cfe-af52-429d-a172-5dc70ed3d171.jpg,1,0.98430437
../data/raw/sans_label/6f4274f7-e782-45e0-9536-4931935f7b49.jpg,1,0.99423236
../data/raw/sans_label/6f5076f7-0726-4902-a8f9-e6ae2d73d300.jpg,1,0.9551533
../data/raw/sans_label/6f8b8969-a7da-4427-b0de-381f8bba0392.jpg,0,0.9903722
../data/raw/sans_label/6fc428c6-f8f7-441f-ae7f-5bb9f781427c.jpg,1,0.9712821
../data/raw/sans_label/708af38b-75da-45bd-ba05-0cb43554bce7.jpg,1,0.98514056
../data/raw/sans_label/70a8c350-f1f7-4f3c-a258-04e128d81fd5.jpg,1,0.9567539
../data/raw/sans_label/70ce15fd-5ae1-4380-83dc-2fdb28af7fb8.jpg,1,0.9964156
../data/raw/sans_label/71334459-58f0-4373-8805-6100e6d9b5ed.jpg,0,0.9835462
../data/raw/sans_label/72a8bbb9-0612-4aae-8c9b-0e1d3b9a4352.jpg,1,0.965493
../data/raw/sans_label/72ad582f-9c85-4ec4-8d90-8d0106b0c87c.jpg,0,0.9898003
../data/raw/sans_label/72d3d361-d735-460b-baa5-97c6c5a089c8.jpg,1,0.96022457
../data/raw/sans_label/7342eecc-d717-4e59-92f9-b0d2df943564.jpg,1,0.98334116
../data/raw/sans_label/73a64487-fd49-49da-a71d-2ebf834ddfc3.jpg,1,0.9673364
../data/raw/sans_label/73bf0a45-591a-40a5-a046-75cb928eeb71.jpg,1,0.9922531
../data/raw/sans_label/73c7dece-6cf7-419d-9879-0c029dbaea7d.jpg,1,0.98169184
../data/raw/sans_label/7438ba9a-e4a5-438a-b6e0-b60eb3b71fd0.jpg,1,0.9841876
../data/raw/sans_label/744e73bc-29c6-4116-9236-785d2c4091b4.jpg,1,0.9927995
../data/raw/sans_label/74bd7e63-eb92-466d-9f81-e869f135e582.jpg,0,0.97179496
../data/raw/sans_label/75023beb-d35c-4d49-a65c-db402532043d.jpg,1,0.9668383
../data/raw/sans_label/755bc290-c99a-4898-b252-23d37614ee88.jpg,1,0.9950643
../data/raw/sans_label/75768de5-6cf1-4f8c-93e4-d245683c5e00.jpg,1,0.96067375
../data/raw/sans_label/765b8c3b-d651-4758-9106-736d11ea60c0.jpg,1,0.9846703
../data/raw/sans_label/7679d4da-0ea0-419b-b948-05c360d205f6.jpg,1,0.99855965
../data/raw/sans_label/76942237-22f7-472b-9bb1-ce4543ac5013.jpg,1,0.96961147
../data/raw/sans_label/76a872d5-952d-4aac-863e-0403e82e1448.jpg,1,0.95946616
../data/raw/sans_label/77af0364-cf37-44d3-8db3-053c1bafe20f.jpg,1,0.9641347
../data/raw/sans_label/78567fae-a1d9-46db-a7f1-e5c919ae5baf.jpg,0,0.99475443
../data/raw/sans_label/78ce4bc8-903c-49e5-91e2-2a7ca88bc95c.jpg,1,0.9697188
../data/raw/sans_label/78ebd406-e28f-464f-8dd2-b0bdc6906e29.jpg,0,0.96348315
../data/raw/sans_label/78f5a709-7933-4269-b90f-7d7a656e2521.jpg,1,0.99744177
../data/raw/sans_label/796983b7-b25c-4d49-ba3a-dc77889f3d41.jpg,1,0.9877987
../data/raw/sans_label/79b39b94-655d-44c1-869f-1dd073736ee2.jpg,1,0.99866843
../data/raw/sans_label/7a3d08fb-b6a9-4afa-816e-d8efef8ef1cb.jpg,0,0.9957153
../data/raw/sans_label/7abc9f6b-ba4f-45cb-8c25-0cb1bd583e6b.jpg,1,0.9822031
../data/raw/sans_label/7b4c0b8b-e0b3-4b4b-b2fd-404824b3945c.jpg,1,0.991024
../data/raw/sans_label/7b9cfe10-9b62-43d7-8975-6e0aed816a9b.jpg,1,0.9940499
../data/raw/sans_label/7bb7f2f3-589f-4847-9fab-2a57313fde1b.jpg,0,0.97179496
../data/raw/sans_label/7bbf0740-36f6-465d-bb85-15a87c6e29a9.jpg,1,0.99143314
../data/raw/sans_label/7c232161-5e0e-4e33-8097-f55161592c2f.jpg,1,0.99549437
../data/raw/sans_label/7f18161a-611c-4e57-a0d2-9189582498df.jpg,1,0.99767894
../data/raw/sans_label/7ff11209-fd8e-412f-935e-aaf635a25afa.jpg,0,0.9780513
../data/raw/sans_label/7ff5b20e-903d-4579-a36f-237da34815a6.jpg,1,0.9935719
../data/raw/sans_label/7ff9db72-554c-4cd2-8951-4753599ae67c.jpg,1,0.9842721
../data/raw/sans_label/8003f8a0-800d-41e3-98b6-4e69681b9a53.jpg,0,0.9989955
../data/raw/sans_label/8131dd8a-544c-47cb-b780-a970a3c6de3d.jpg,1,0.9953595
../data/raw/sans_label/814776f9-97b6-4fd4-811e-d3bc41916bc0.jpg,1,0.9808951
../data/raw/sans_label/8171df9c-3845-4112-892f-c6fb1961dd00.jpg,1,0.9812547
../data/raw/sans_label/817e929b-25d8-43d4-9cf0-67cea0353238.jpg,1,0.99036855
../data/raw/sans_label/824b1cb2-f810-4bf3-97cc-6a6da787a38d.jpg,1,0.9652596
../data/raw/sans_label/827650e1-dd86-4dc9-a3e0-1483686c5c4d.jpg,1,0.99636686
../data/raw/sans_label/8402b146-e427-4bba-9459-30d128dafd92.jpg,1,0.9936606
../data/raw/sans_label/8411d424-f38c-497c-aeab-30213125a487.jpg,0,0.99604094
../data/raw/sans_label/8411efde-077b-4888-9017-55a3c1848399.jpg,1,0.966959
../data/raw/sans_label/844735a2-b873-4bc8-b0c6-2022dd4517b5.jpg,0,0.9847715
../data/raw/sans_label/84e695d7-b3b6-4478-950b-8adb3128b4fb.jpg,0,0.9801634
../data/raw/sans_label/84f0c6e3-ecc5-455b-843c-00145df2fe4d.jpg,1,0.967841
../data/raw/sans_label/85dda3ec-bac0-4bb0-bdb6-2fb214fc8f2e.jpg,1,0.99675506
../data/raw/sans_label/85dfd9a7-ddb3-49a2-8090-954da201df89.jpg,1,0.98365015
../data/raw/sans_label/85fc3030-a496-4b23-883c-421778bb8905.jpg,1,0.9659922
../data/raw/sans_label/8611541f-1c31-4d41-94b6-ad0d209ff402.jpg,1,0.98026603
../data/raw/sans_label/8622e150-72a8-4cf9-873c-290335a248af.jpg,0,0.98656976
../data/raw/sans_label/871454cc-5072-4369-919c-76ccebbe196b.jpg,1,0.98823
../data/raw/sans_label/8757de5e-a7df-4668-bf5a-547e22d4533a.jpg,0,0.98556346
../data/raw/sans_label/87c90874-56bc-4562-8db9-19ee7d354fe3.jpg,1,0.99806136
../data/raw/sans_label/885b0c52-8257-4511-bb61-5b773eec462e.jpg,0,0.9954122
../data/raw/sans_label/889363d2-fac2-4e56-b66f-effdfa47ed0c.jpg,1,0.98945516
../data/raw/sans_label/88f457e4-1b74-4ad3-a1df-6aeb558849f0.jpg,1,0.9641347
../data/raw/sans_label/89503f10-1f72-4fec-8769-2347375e9b36.jpg,1,0.99109554
../data/raw/sans_label/895361c0-ffa8-4152-b0d0-53935ac35a88.jpg,1,0.95586324
../data/raw/sans_label/8995da3a-8071-4b32-afa8-d71de7ff697e.jpg,1,0.9666794
../data/raw/sans_label/8a3db00b-8e54-41d5-8e58-d4c709f586bf.jpg,1,0.9832412
../data/raw/sans_label/8a856625-e977-47a7-bcb8-c6a5cf409c26.jpg,1,0.9959532
../data/raw/sans_label/8adca915-7158-4d8e-8263-8d9cda2a5668.jpg,1,0.9725682
../data/raw/sans_label/8aff78cb-bf70-4b9a-85cd-4b1036ba22cc.jpg,1,0.99084985
../data/raw/sans_label/8b1acb43-eab8-4657-966c-d34aeecae4af.jpg,1,0.9771353
../data/raw/sans_label/8b22e623-fe9a-48de-a8a9-326baf91af63.jpg,0,0.9897926
../data/raw/sans_label/8b3d8a6a-0421-4824-ae1e-1f1d407fa5bc.jpg,1,0.9696405
../data/raw/sans_label/8b41163a-f3c8-41da-a113-bdef549a0ce0.jpg,1,0.96187794
../data/raw/sans_label/8b9372c0-1cc2-4d55-b4cd-53cc82184050.jpg,1,0.9501403
../data/raw/sans_label/8bcb5cdf-2ef4-4b5a-8db2-4c9d3f851d41.jpg,1,0.9774655
../data/raw/sans_label/8c26875f-0282-44f9-9cc0-b8a7a9679098.jpg,1,0.9503173
../data/raw/sans_label/8c4761d3-28d0-483c-8d75-7e4facf21fbb.jpg,0,0.9721614
../data/raw/sans_label/8c98d557-62be-463f-87c0-d8b87802cd01.jpg,1,0.9880541
../data/raw/sans_label/8d29f6c5-5f88-441c-b998-f844a8dc040d.jpg,1,0.9667367
../data/raw/sans_label/8d7764f5-9631-4678-a5fb-88281fe1aa45.jpg,1,0.9739091
../data/raw/sans_label/8d77b9ed-0a15-4521-84a1-088073e8ac47.jpg,0,0.99614793
../data/raw/sans_label/8d91658e-94c3-441d-a344-4b8be9885e74.jpg,1,0.99669707
../data/raw/sans_label/8e081513-46fe-441d-b4a0-54d770656a08.jpg,1,0.9906731
../data/raw/sans_label/8e403e4c-9a8d-4dc8-8892-f692aec2e765.jpg,1,0.9676486
../data/raw/sans_label/8f20b4bd-abce-44a7-914e-d0c4e22a09d9.jpg,1,0.9931717
../data/raw/sans_label/8f8c56f6-cedd-4112-b2bc-d9e1709500f9.jpg,1,0.9526426
../data/raw/sans_label/9122ff1e-376e-4ea1-a334-7874c4697b8e.jpg,1,0.98536354
../data/raw/sans_label/914a70d9-40db-41d8-ab37-0532ceeee264.jpg,1,0.9685777
../data/raw/sans_label/917a401f-4cd8-4214-9bc2-f9be773eb91e.jpg,1,0.9743576
../data/raw/sans_label/920dfb02-bc48-41fd-8b13-cca63c4f7f89.jpg,1,0.9972778
../data/raw/sans_label/9213e2ef-453f-48ae-a303-758617e5d021.jpg,1,0.9972277
../data/raw/sans_label/9238593a-ba0b-440f-b966-682605fe76ac.jpg,1,0.9813269
../data/raw/sans_label/927db685-b584-4440-b776-5be4edc3ce47.jpg,0,0.98455834
../data/raw/sans_label/92866c8b-e1fa-4194-b7a7-b8f413812dfd.jpg,1,0.9814248
../data/raw/sans_label/93690fc9-48b6-41c3-a2bd-949b50649ec2.jpg,1,0.9515783
../data/raw/sans_label/9409c6ad-3afd-430d-94f3-0e7573485291.jpg,1,0.9517914
../data/raw/sans_label/94585a90-5f11-47ea-9561-450208426722.jpg,0,0.9825288
../data/raw/sans_label/94c7620a-ada0-41b6-b66f-756974523bb8.jpg,1,0.95526
../data/raw/sans_label/94eb9a94-40b4-45e8-9c4b-068cd7e2f439.jpg,1,0.9639875
../data/raw/sans_label/95055fe4-5c47-4591-85ff-422cdbd3ff0c.jpg,1,0.9559309
../data/raw/sans_label/95336f5d-d39b-46cd-8b16-b58b43518c1c.jpg,1,0.95126265
../data/raw/sans_label/95ac01c6-796a-4d8b-aef7-ffd7183d08da.jpg,1,0.99346924
../data/raw/sans_label/95be2f40-afeb-4e3a-96e0-81951a7f3a14.jpg,1,0.98725337
../data/raw/sans_label/95f9cab6-25fa-4b75-a824-d41b9e13bd61.jpg,1,0.9970431
../data/raw/sans_label/961b009d-5d96-4e49-8e0a-f31014c0aedb.jpg,1,0.99510795
../data/raw/sans_label/9697898c-3c42-4dab-8916-faff2037a2dc.jpg,1,0.99688476
../data/raw/sans_label/977aebd7-dd30-49b0-9a22-51a3dcaf0cb1.jpg,1,0.9929234
../data/raw/sans_label/978715e7-db82-4910-a952-40498744ae1e.jpg,0,0.96859497
../data/raw/sans_label/98a27014-e5ce-4fee-a65f-1b24a24a803e.jpg,1,0.9790907
../data/raw/sans_label/98d7592f-4da2-4888-97a9-34e488a387af.jpg,1,0.97114503
../data/raw/sans_label/9910a342-b82a-40e3-af17-13e22971b18f.jpg,0,0.98937905
../data/raw/sans_label/992ac932-5fd5-46bd-8587-9f8ce8004765.jpg,1,0.9705345
../data/raw/sans_label/995b70f4-c2b6-4aad-a523-e45d83636997.jpg,1,0.99392235
../data/raw/sans_label/995e501d-00d3-4117-878f-457172204953.jpg,1,0.9541033
../data/raw/sans_label/99d4192d-8f01-4d1c-8447-1e848d1322c0.jpg,1,0.98200065
../data/raw/sans_label/99e3bd44-d147-4043-9e32-8f11baac22d2.jpg,1,0.99253404
../data/raw/sans_label/9a5228be-dc9f-4d66-94df-38681337375a.jpg,1,0.9813844
../data/raw/sans_label/9af38262-36c2-4165-9e5b-bb44e762db16.jpg,1,0.9879403
../data/raw/sans_label/9b2f0d98-5b77-479e-af28-fc3db7350bab.jpg,1,0.9891994
../data/raw/sans_label/9c1914bd-03b4-4fe9-984b-590ee2ba0142.jpg,1,0.97332144
../data/raw/sans_label/9c72c314-9e62-4249-b57c-e9037ffd1dae.jpg,1,0.98848826
../data/raw/sans_label/9ebd9970-4cda-4cb9-8f08-b234eba80e5a.jpg,1,0.9957402
../data/raw/sans_label/9ef2b84b-cee8-4b4d-9431-ad40d062cb47.jpg,1,0.99149746
../data/raw/sans_label/9efacc2b-7386-4c99-a3fb-22082c0b91bd.jpg,1,0.9742784
../data/raw/sans_label/9f4332e0-5d98-4ce4-8ce5-c713eacc0081.jpg,1,0.987604
../data/raw/sans_label/9f94cc07-eb10-48d4-aebe-c88327765a74.jpg,0,0.96971965
../data/raw/sans_label/9f9bbaed-8a26-422e-b8d2-e94a18295dcb.jpg,1,0.9797926
../data/raw/sans_label/a04979a3-848c-4019-9fac-dd294519b75d.jpg,1,0.9926593
../data/raw/sans_label/a0527877-e057-4aad-b285-3c19c94a3534.jpg,1,0.98524845
../data/raw/sans_label/a09d7bd5-2c8f-4138-80c0-de1a7f2cd360.jpg,1,0.9994006
../data/raw/sans_label/a152b48e-a831-4ff4-8868-3d870eba4a7f.jpg,0,0.96503377
../data/raw/sans_label/a170a945-4b1c-40eb-aae4-59d20c8a1b22.jpg,1,0.98590577
../data/raw/sans_label/a213ec08-5323-4cac-b2f7-7a8cd7dad21e.jpg,1,0.9743292
../data/raw/sans_label/a249a282-e855-44d5-8759-476934b332fb.jpg,1,0.96248454
../data/raw/sans_label/a24e6a4f-5dca-498f-9329-1e6cfe84b131.jpg,0,0.9919024
../data/raw/sans_label/a255736e-214b-4b79-8de1-b41896126278.jpg,0,0.9584467
../data/raw/sans_label/a2e9256e-b213-43b2-a4b2-846c181ab7ae.jpg,1,0.9642783
../data/raw/sans_label/a32947a4-5d48-47b3-ac14-29dc8810e9c0.jpg,0,0.9957304
../data/raw/sans_label/a3337a5a-2572-42d5-b94d-737da22ff3a9.jpg,1,0.9814943
../data/raw/sans_label/a3625935-0405-40a2-b406-1c412fffc7f3.jpg,0,0.98996997
../data/raw/sans_label/a399a471-fd58-48b0-82a3-5eed99068570.jpg,1,0.98664594
../data/raw/sans_label/a3c09133-febe-4e86-9436-2b892f3a0387.jpg,1,0.9995023
../data/raw/sans_label/a3e38644-10d6-43b0-bac5-1847580bc89d.jpg,0,0.99244905
../data/raw/sans_label/a3f72a5f-00ea-4e2c-9ca8-4a67db544f50.jpg,1,0.9652471
../data/raw/sans_label/a440576d-e956-4701-934a-b3cf8dc4321d.jpg,1,0.9927489
../data/raw/sans_label/a441670c-ed19-4b1c-b482-7c925983dfbf.jpg,1,0.98323303
../data/raw/sans_label/a486acab-bb88-45d9-bba8-632008060dc2.jpg,1,0.9905792
../data/raw/sans_label/a49abbe4-ae77-4c42-b77d-3a09ddc78f06.jpg,1,0.97856987
../data/raw/sans_label/a4db8e48-b4c2-4c58-b51d-c4c9f27db258.jpg,1,0.9772166
../data/raw/sans_label/a5498ea1-4980-4bf9-a397-eff3fc64da84.jpg,1,0.9800064
../data/raw/sans_label/a694549b-164f-4ab6-8c6e-821661302d50.jpg,0,0.967361
../data/raw/sans_label/a6a3b83f-47e0-499f-b71f-8d495ec1c17f.jpg,1,0.9839271
../data/raw/sans_label/a6eea4e7-5d58-4dc5-9454-db31b2abac4f.jpg,0,0.97571135
../data/raw/sans_label/a77a60c2-a281-456a-9cbc-abff11eb4ecd.jpg,1,0.96872216
../data/raw/sans_label/a83813e8-550f-4510-999d-fd120608ada3.jpg,1,0.994103
../data/raw/sans_label/a8e2d57e-39b3-495c-a585-b2d2d14e0cf3.jpg,0,0.99525964
../data/raw/sans_label/a941b1d0-6a6c-4957-843e-2cc48011a512.jpg,0,0.9616718
../data/raw/sans_label/a94640dc-32e9-4842-ae35-28769b867234.jpg,0,0.9764143
../data/raw/sans_label/aa11c48a-6e6e-4cdc-9159-a8b5d4f072c8.jpg,1,0.99957603
../data/raw/sans_label/aa237812-9888-464b-8331-cc9b67fc76d4.jpg,1,0.9919688
../data/raw/sans_label/aa3c3d81-b7c5-4f1a-8c26-416bb1e98959.jpg,1,0.99439454
../data/raw/sans_label/aa6adb98-0db9-490e-8c82-f8f1542ad0f3.jpg,1,0.9960032
../data/raw/sans_label/aaa8904f-1fbf-41f8-8672-d3a0c0ae69ca.jpg,1,0.98984027
../data/raw/sans_label/aab772d0-24a3-4227-8c9b-384f29e2b522.jpg,1,0.95988405
../data/raw/sans_label/ab0e7755-33af-44b9-81bd-bc82b31aee1e.jpg,1,0.9582879
../data/raw/sans_label/ab11abb6-af74-41ad-a11a-e7fa6d7291ba.jpg,1,0.97902167
../data/raw/sans_label/ab397471-9613-408a-8b46-eddde6dcb5d5.jpg,1,0.99815243
../data/raw/sans_label/abbb32f3-2e41-40b7-9dcf-74cc277e422b.jpg,1,0.99541134
../data/raw/sans_label/ac1b0ef1-5707-46b7-a97a-5312e76ce70b.jpg,1,0.9691423
../data/raw/sans_label/ac865d09-397a-4949-9ebf-46ec9f12fa9c.jpg,1,0.9811699
../data/raw/sans_label/acad871f-9572-4f2f-b29a-eed3823f2290.jpg,0,0.96320045
../data/raw/sans_label/acd40feb-efc6-453d-befa-819b9502a4c2.jpg,1,0.95992345
../data/raw/sans_label/ad830b6f-868a-46e3-bb55-f5246f02fcea.jpg,1,0.96762955
../data/raw/sans_label/ade0e9eb-189d-4e9e-8f8a-93f142c99e70.jpg,1,0.9644613
../data/raw/sans_label/adfe2464-c84b-418a-a92f-0aca61600d14.jpg,1,0.9974214
../data/raw/sans_label/ae12b9b6-c619-4272-8f67-e7f62d17adfc.jpg,1,0.9909733
../data/raw/sans_label/ae16d97e-2b19-4723-b545-5da8a6788538.jpg,1,0.97130626
../data/raw/sans_label/ae204781-dfdd-42e3-add7-a3b4bd3e1d67.jpg,1,0.97510886
../data/raw/sans_label/ae433b5a-7fe2-4c2e-9e5a-d0c3968b6f93.jpg,1,0.9738307
../data/raw/sans_label/af799b9c-1752-424f-9139-02f554e58b68.jpg,1,0.98644
../data/raw/sans_label/af8a85eb-0518-464f-82ba-4bbe07234156.jpg,1,0.9958758
../data/raw/sans_label/aff26bce-b891-41bc-9ee6-b296d8b76f59.jpg,1,0.9703359
../data/raw/sans_label/b0106bf8-8746-4191-b59d-454c38756d88.jpg,1,0.98954344
../data/raw/sans_label/b0573368-2b4a-4bb5-a2f2-fd4c106cbd6a.jpg,1,0.9717827
../data/raw/sans_label/b0919a76-d100-43a1-a5f6-1cd2400909b7.jpg,0,0.9816622
../data/raw/sans_label/b0e5ad1b-ffbc-4ca3-8fc0-a9c3f2843024.jpg,0,0.981417
../data/raw/sans_label/b1596679-1197-4da3-94ea-5c865f1ab2aa.jpg,1,0.99120367
../data/raw/sans_label/b1599906-a75f-4f7c-9194-aef5ac307a98.jpg,1,0.9943347
../data/raw/sans_label/b168a97e-f1f6-44ab-a561-1fc9f764beb5.jpg,1,0.9888531
../data/raw/sans_label/b1822f99-76ad-446d-a591-8fcd1ee03b4d.jpg,1,0.98210955
../data/raw/sans_label/b187d364-3687-4b99-833a-c1e0c72a1553.jpg,1,0.9719558
../data/raw/sans_label/b238289a-2616-4fbf-bea3-6d3cbf4c12cf.jpg,1,0.991235
../data/raw/sans_label/b239bae7-a577-4569-a922-20eff3a5c4f3.jpg,1,0.9824111
../data/raw/sans_label/b2eb2734-0e32-48c6-bad6-6f8fefd3d828.jpg,1,0.9641347
../data/raw/sans_label/b2f8d9a9-ef82-4c08-a602-1a5fdc3ba173.jpg,1,0.9640959
../data/raw/sans_label/b3183347-7366-4e1f-b1ea-963ff647d59c.jpg,1,0.9958729
../data/raw/sans_label/b3435209-7f0e-4c19-b14c-961dfedf7fa5.jpg,1,0.9856375
../data/raw/sans_label/b378a02d-501a-4a6c-b7a8-db752f862f42.jpg,1,0.9543132
../data/raw/sans_label/b37b548d-b64c-4121-8a2c-a774e4de52f3.jpg,1,0.9918611
../data/raw/sans_label/b37f5017-ab4a-4ef4-bf96-e71749d6fd69.jpg,0,0.997677
../data/raw/sans_label/b3cc2a2a-c893-4007-8923-cf388e074e98.jpg,0,0.96061283
../data/raw/sans_label/b3d19755-4df5-4a8a-9206-92f244ea82bc.jpg,0,0.9622522
../data/raw/sans_label/b3db51cb-3433-4810-b386-623bf2b4a118.jpg,1,0.9713903
../data/raw/sans_label/b439fafb-e052-46ed-a016-7ff5d1807c21.jpg,0,0.99817437
../data/raw/sans_label/b6261bb8-2308-4f80-8535-0f42397c3231.jpg,0,0.9941217
../data/raw/sans_label/b65c7ebe-aac9-414e-a9d3-b8205d5d5a23.jpg,0,0.9864434
../data/raw/sans_label/b6a367ea-90ef-4608-8cc4-25d6480f2316.jpg,0,0.9731124
../data/raw/sans_label/b76bc357-ef11-4969-aff5-08d164bd3e72.jpg,1,0.97106713
../data/raw/sans_label/b791695b-ae90-4bf2-a21f-49f50473d757.jpg,1,0.99744296
../data/raw/sans_label/b7b2c1fd-bf77-48d2-8945-22ede0c2e7f0.jpg,1,0.95526
../data/raw/sans_label/b81d8697-0c53-4884-ae67-451f03c49cf3.jpg,1,0.9704742
../data/raw/sans_label/b88a3666-f80f-4dc9-9857-dd86a147610d.jpg,1,0.96742445
../data/raw/sans_label/b8b5d78a-1554-4094-bbdb-437564558675.jpg,0,0.99559516
../data/raw/sans_label/b8c59bed-8b98-4e04-b7c8-d7a7a7dde6ce.jpg,1,0.9818819
../data/raw/sans_label/b8de1e90-8be7-439c-8e7e-4e674309eff0.jpg,0,0.98590076
../data/raw/sans_label/b8ef73d1-99ce-47f3-a6af-fc2ccb6f3516.jpg,1,0.992722
../data/raw/sans_label/b96121d1-be2e-41ab-a5d1-807f1f07d643.jpg,1,0.99677247
../data/raw/sans_label/b9a10b26-a2f4-409c-86af-7a8e32034822.jpg,0,0.95055306
../data/raw/sans_label/b9c3a1cf-596c-48f5-93a2-6b3df977067d.jpg,0,0.9840466
../data/raw/sans_label/ba2a0d7c-955d-41ac-9cbd-6efb63d5bbc3.jpg,1,0.9958182
../data/raw/sans_label/ba6e94c8-06f0-4750-9ff8-d444eb24d50e.jpg,1,0.9840082
../data/raw/sans_label/ba976fd5-3416-4147-908c-1eb3c89a9712.jpg,0,0.98624957
../data/raw/sans_label/baf0dbab-3f67-4785-bf3d-0005d2789079.jpg,1,0.9678872
../data/raw/sans_label/bb7be2dc-ad86-4c83-8350-c711317d5fb0.jpg,1,0.96956843
../data/raw/sans_label/bb813aae-eb3f-402f-87ef-4f788ccf542b.jpg,1,0.9977984
../data/raw/sans_label/bbd58dd2-cbac-4bde-8237-53318d52c369.jpg,0,0.9968293
../data/raw/sans_label/bbf13c98-7160-4557-8f5a-d00dfa44f1c1.jpg,1,0.99334586
../data/raw/sans_label/bc64bb6f-65e9-4ad6-99e1-525c0052948b.jpg,1,0.9790821
../data/raw/sans_label/bc95a8de-6cba-4948-8a6b-0a0f42e570aa.jpg,1,0.9570602
../data/raw/sans_label/bd379318-b2ad-42c4-825b-88ab71c55e15.jpg,1,0.9639857
../data/raw/sans_label/bd3cc2df-d45d-4fd3-bc29-f49191309646.jpg,1,0.9929011
../data/raw/sans_label/bd823626-a1df-46de-9e4a-f93c6b12600d.jpg,1,0.99181056
../data/raw/sans_label/bd836b2d-0574-4551-b877-48dcb309d12b.jpg,1,0.9991467
../data/raw/sans_label/bd90cca9-a572-4464-b6fd-edb2af3e9a15.jpg,1,0.96775657
../data/raw/sans_label/be13c534-5a49-4a6f-abed-0ee6d43b8168.jpg,1,0.9862179
../data/raw/sans_label/be2b5d73-760e-4c64-a969-e6969fc1a77a.jpg,1,0.97672105
../data/raw/sans_label/be331e19-085b-4197-95a8-8c148c815334.jpg,1,0.9615119
../data/raw/sans_label/be6b6d40-5b6f-4159-888d-4bdcf9b0ba5b.jpg,1,0.97324973
../data/raw/sans_label/beab9b35-c1b2-4ad0-90f5-41c773f135ff.jpg,0,0.99205935
../data/raw/sans_label/bef3673e-fe67-4c99-b706-8b9cd3b5e6c6.jpg,1,0.9944647
../data/raw/sans_label/bf057df5-c436-4d56-bae3-66f6e9fc071f.jpg,1,0.9837421
../data/raw/sans_label/bf866f83-f688-447d-96cc-541c2f402f47.jpg,1,0.9797545
../data/raw/sans_label/bfa253c9-0a12-43aa-9239-1ac9912ff6b6.jpg,1,0.9960366
../data/raw/sans_label/bfb57862-59ff-4192-9b27-cb09620612b4.jpg,0,0.9672151
../data/raw/sans_label/c00c6d8b-5710-4a18-ba46-6b38b6e760fe.jpg,1,0.9942186
../data/raw/sans_label/c02578ec-420e-49cb-b300-c648388a4b69.jpg,1,0.9873976
../data/raw/sans_label/c02c117f-b4b7-45ae-966d-f8f6de91ee23.jpg,1,0.98790586
../data/raw/sans_label/c0c88360-0527-4dcd-9b20-fd18576a948a.jpg,1,0.9756275
../data/raw/sans_label/c268e736-3706-4f9d-9da5-d5a089549c05.jpg,0,0.9927058
../data/raw/sans_label/c26a9f25-f9a6-49d3-b090-cb5b04287bc0.jpg,0,0.98357266
../data/raw/sans_label/c2a80dba-936c-4924-9f26-6de0e9aa082f.jpg,0,0.98559386
../data/raw/sans_label/c2dc7b24-dcc4-46da-a400-8f5f733a2bb9.jpg,1,0.98925006
../data/raw/sans_label/c2feb010-0d6a-45c6-9fe8-4981b40daef4.jpg,1,0.9846682
../data/raw/sans_label/c3305fd4-95c1-4761-bd6c-f8969a1f631e.jpg,0,0.99597305
../data/raw/sans_label/c357845a-2ebc-4dec-a129-59c1b34283a1.jpg,1,0.99535143
../data/raw/sans_label/c38f8369-c2b1-41e3-a5ab-fd4c0cdafd3e.jpg,1,0.95029217
../data/raw/sans_label/c4ae2e45-ed52-4c37-b411-0f432b3e8b5b.jpg,1,0.9923775
../data/raw/sans_label/c4d9b988-8e7d-4f8c-9f67-d34f275a1c41.jpg,1,0.9919419
../data/raw/sans_label/c54fb914-ea29-4755-a55a-80694f6e12c2.jpg,1,0.98747337
../data/raw/sans_label/c65e4953-4a81-4bc5-a85c-57d57704e3be.jpg,1,0.9592969
../data/raw/sans_label/c697f7b8-a805-453b-9f5b-cf0b4f451a33.jpg,0,0.98543495
../data/raw/sans_label/c6c9465b-6a3f-44d0-ad3a-06d0f7129afd.jpg,1,0.9974987
../data/raw/sans_label/c6fe9750-9be5-4537-abff-cbd0b5c331d2.jpg,0,0.99512684
../data/raw/sans_label/c74a8b21-5af5-42c7-bfed-aa96645fab2d.jpg,0,0.99107206
../data/raw/sans_label/c74fcab6-8da1-4f76-b150-4c0ecfa45b3f.jpg,0,0.98772293
../data/raw/sans_label/c7cad843-f751-49a4-ab34-f812e74fc243.jpg,1,0.9583225
../data/raw/sans_label/c803aed7-757d-42f7-92ee-363b9dc79499.jpg,0,0.955811
../data/raw/sans_label/c81630dc-6dd9-4faa-b19c-8f8bfad1d734.jpg,1,0.98204976
../data/raw/sans_label/c849d1d1-4c2e-4724-a671-3f6d42f77bfa.jpg,0,0.99087465
../data/raw/sans_label/c856da77-71b1-4e2f-9ddb-93d279822202.jpg,0,0.998745
../data/raw/sans_label/c8955ada-d314-4ef4-9bdf-b8159669a58a.jpg,1,0.99575543
../data/raw/sans_label/c96bf301-62e2-424e-8ac4-e6b80f60388a.jpg,1,0.9629572
../data/raw/sans_label/ca23f926-8c7a-4b3d-bc38-4df80d9ef7c7.jpg,1,0.99285626
../data/raw/sans_label/ca2e8fcd-c573-4d34-b92c-3ea6c0e3e8f5.jpg,1,0.9825728
../data/raw/sans_label/ca4af252-283a-4391-9c9b-3355c9e4f63d.jpg,0,0.98937905
../data/raw/sans_label/caa89233-f38a-4c94-a06b-31be427c469f.jpg,1,0.95526
../data/raw/sans_label/caccba4d-45cf-4224-a100-1fba0556a251.jpg,0,0.99491507
../data/raw/sans_label/cb52c430-69e8-4b42-af50-d061c9416841.jpg,1,0.9738261
../data/raw/sans_label/cb68947d-3c5e-4b0e-a389-5f988ddc32dc.jpg,1,0.99252534
../data/raw/sans_label/cb6c7d10-bc8f-4c3c-aa6a-868b8897e4b4.jpg,1,0.99278426
../data/raw/sans_label/cbd10737-c463-46b0-9ddd-13f87c351984.jpg,1,0.9953987
../data/raw/sans_label/cbe4196c-9d73-48aa-9719-4d0f8f3fcd32.jpg,1,0.9894778
../data/raw/sans_label/cc418ab8-4267-43b1-85ca-00462bc8ff27.jpg,1,0.9886148
../data/raw/sans_label/ccb13ab2-6120-447e-8e1d-56fa7971708f.jpg,1,0.99301857
../data/raw/sans_label/ccee99bd-8a46-42d0-a09b-a2b200dd8bc0.jpg,0,0.95679855
../data/raw/sans_label/cd061095-1cd3-495e-b6ba-d1aec5b17381.jpg,0,0.9750509
../data/raw/sans_label/cd33e4c7-bcfd-4228-9976-d480100a74dd.jpg,0,0.96480006
../data/raw/sans_label/cd80f16b-58b8-46a4-bb62-c5040bf63eeb.jpg,0,0.9976028
../data/raw/sans_label/cd986f61-0bd8-4beb-bd9c-6962d00d59c2.jpg,1,0.9870323
../data/raw/sans_label/cdab3f1d-500d-42ac-9607-eff2574279ea.jpg,0,0.95135844
../data/raw/sans_label/cebb51d7-8c39-48fa-bb82-0d76501be768.jpg,1,0.9958016
../data/raw/sans_label/cec1206e-7243-4fbc-8075-828f3eaa6f87.jpg,1,0.99908316
../data/raw/sans_label/cf1f019d-a700-43ac-878c-e8107bd89405.jpg,1,0.9521514
../data/raw/sans_label/cf268860-0c5d-4366-b634-141e2bbac6e8.jpg,1,0.9671086
../data/raw/sans_label/cf3c52af-5549-4f92-a57e-46de32e14e82.jpg,1,0.99347997
../data/raw/sans_label/cfcf574b-958c-4545-a823-c880dc2b4187.jpg,1,0.9955154
../data/raw/sans_label/d079d7c0-4ffd-4f31-92eb-f753c0241b1c.jpg,0,0.9802012
../data/raw/sans_label/d0b3497e-5c45-4131-8e33-772abeffdb32.jpg,0,0.97546774
../data/raw/sans_label/d134e654-ec17-49ae-8f06-386e65e0035f.jpg,1,0.9887235
../data/raw/sans_label/d13b0b94-56e2-42b4-ba15-118e88182695.jpg,1,0.9707912
../data/raw/sans_label/d145119d-4e08-491b-8766-fee7340ae353.jpg,1,0.9715289
../data/raw/sans_label/d1e2f491-54bb-43d0-bc7e-fb7d33bca568.jpg,0,0.9847088
../data/raw/sans_label/d21475c8-c0f1-4a42-a38e-f567b088e541.jpg,1,0.99622077
../data/raw/sans_label/d2eb84da-33f7-4c3d-88f4-3bd4d8f4b298.jpg,1,0.9554432
../data/raw/sans_label/d32eb4d8-659b-4fac-8949-4efbcb8de115.jpg,1,0.973313
../data/raw/sans_label/d34bebae-f6e3-4909-87c9-005a6a769642.jpg,1,0.99845815
../data/raw/sans_label/d3c36cd4-2886-4a52-a303-6b0311f4558b.jpg,1,0.98603094
../data/raw/sans_label/d3e432bb-88fd-4a3c-9116-45e4e7753244.jpg,1,0.9920516
../data/raw/sans_label/d41b45f0-ff39-43cd-a839-8f4999bf3b02.jpg,1,0.9818525
../data/raw/sans_label/d47e799f-72ba-44a2-bf5d-7ae07ce44e30.jpg,1,0.9914655
../data/raw/sans_label/d48d1803-107d-49bf-80d0-01b0809b9747.jpg,1,0.95048994
../data/raw/sans_label/d4a9b08d-0fda-4550-b939-2fb71feb1c16.jpg,1,0.9924319
../data/raw/sans_label/d4b29b8d-2d7c-4856-8e61-6119104a1486.jpg,0,0.9972456
../data/raw/sans_label/d4e48d7d-a758-48d0-820a-9bfca5247ff3.jpg,0,0.9891831
../data/raw/sans_label/d4e9afda-0833-4af9-ba63-152e615de954.jpg,0,0.99525964
../data/raw/sans_label/d4f8cf82-b040-4ed7-b166-5a13d18de163.jpg,1,0.95048535
../data/raw/sans_label/d51fe3e6-8514-4b2c-aae8-40de18c3a086.jpg,0,0.99020255
../data/raw/sans_label/d5208b23-e2c4-4d68-ad78-d68a7d13aa0e.jpg,1,0.98275226
../data/raw/sans_label/d52b603e-de7e-4923-9580-75ecf947f3bf.jpg,1,0.98347086
../data/raw/sans_label/d6a73655-128d-4625-ab70-ab7efad2e6a0.jpg,1,0.9895118
../data/raw/sans_label/d6e6492e-d3f2-4799-89fb-9582ad25c7be.jpg,1,0.979408
../data/raw/sans_label/d725d761-4d3e-462e-a0e6-8d86aac7930b.jpg,0,0.97802454
../data/raw/sans_label/d75b4b2e-f587-4d23-9795-cb74f398a246.jpg,1,0.9608489
../data/raw/sans_label/d77c68f7-fc7b-4271-95ef-f9fee3a0a411.jpg,0,0.98538905
../data/raw/sans_label/d80f6154-710e-4050-9b42-4e25e0427a67.jpg,1,0.9586741
../data/raw/sans_label/d85589aa-43da-4a65-92e8-6a045c778104.jpg,1,0.9642648
../data/raw/sans_label/d8a60e0b-1c69-4a5a-9d22-61496a1c0b62.jpg,0,0.9974123
../data/raw/sans_label/d9041cf9-c600-4b70-8d1d-6b51a4bf8bd5.jpg,0,0.9825155
../data/raw/sans_label/d9e61628-22de-403a-af05-a4ec0d7767f2.jpg,0,0.96605617
../data/raw/sans_label/da060383-ecfe-4455-96f9-72e4218614fb.jpg,1,0.9646298
../data/raw/sans_label/da3f881a-a4fb-48a7-be65-6c393bcf9a4e.jpg,1,0.99396306
../data/raw/sans_label/da45f349-f490-49d7-8fb6-c427c7ccf898.jpg,1,0.98887104
../data/raw/sans_label/da97d7fe-ecc6-4288-a4bd-e2adbfd5b6af.jpg,0,0.986128
../data/raw/sans_label/da98b432-dd9d-434f-a2dc-b1871c574a6d.jpg,1,0.99612904
../data/raw/sans_label/dab3f580-9417-4c84-9aa7-66b7d25e68fb.jpg,0,0.98841536
../data/raw/sans_label/db048b60-4059-403e-9325-5cf2c459d169.jpg,1,0.9792204
../data/raw/sans_label/db184476-333b-40f2-94af-1e4816bd7e58.jpg,1,0.9853961
../data/raw/sans_label/db6624a9-ef0a-45b1-934f-5f9d85458d40.jpg,1,0.9813269
../data/raw/sans_label/db87f1fa-f718-4bf4-821f-689d5d6e72a1.jpg,1,0.96125567
../data/raw/sans_label/dba564f3-2f3a-416a-ae6b-f9716549c9ef.jpg,1,0.99772626
../data/raw/sans_label/dc1bf07f-df38-49bf-8310-af79d9ccf51c.jpg,1,0.99658966
../data/raw/sans_label/dc69e5ea-da2b-4060-b2ee-b2f29f2f914c.jpg,1,0.96364444
../data/raw/sans_label/dd2eb4e7-90a3-4801-ab47-b94dee64eab2.jpg,0,0.9705154
../data/raw/sans_label/dd53a762-0288-48a7-b130-4547e5a41004.jpg,1,0.9901183
../data/raw/sans_label/dd5f74ca-1881-4834-9908-477097ed8e20.jpg,1,0.97810566
../data/raw/sans_label/dda4e1f7-3614-4903-a53f-45a9b838d785.jpg,0,0.98698753
../data/raw/sans_label/ddee2693-8c67-46ff-aaaa-6258cefa88d0.jpg,1,0.9780157
../data/raw/sans_label/ddf0c26b-3f44-422a-b2b4-b20ad5730424.jpg,1,0.99764663
../data/raw/sans_label/de13eaea-429f-4c54-b2f4-b7cf1300f44c.jpg,0,0.9952303
../data/raw/sans_label/de1c68e5-fbc2-48a4-a19f-c5c8905b9b24.jpg,0,0.9966915
../data/raw/sans_label/de4a58ef-0572-499a-8b39-437d6605102e.jpg,1,0.9663041
../data/raw/sans_label/de57e8f2-a210-4d05-bd94-bc19109592ac.jpg,1,0.9783958
../data/raw/sans_label/de98c91a-04b8-49b4-a7ab-084cd6bbda35.jpg,1,0.98188144
../data/raw/sans_label/df9ced05-9dc8-4d23-9b5b-ba587bd8d732.jpg,0,0.998016
../data/raw/sans_label/dfd03d67-6c4c-46c7-be16-7eb248e6225b.jpg,1,0.98863876
../data/raw/sans_label/e01c1cb3-c26c-4426-931e-a51b0f0217dd.jpg,1,0.9660371
../data/raw/sans_label/e02525d9-b8a5-417c-a68e-ba1647a63b34.jpg,1,0.98286116
../data/raw/sans_label/e04ed68c-5e2b-4a7f-8264-48d99160e937.jpg,1,0.99640864
../data/raw/sans_label/e061d740-3845-4d3b-a801-0e69b5731e41.jpg,1,0.984309
../data/raw/sans_label/e0b8c2ee-5521-4b40-8196-5ae4dee04737.jpg,0,0.9775086
../data/raw/sans_label/e0e5275a-7c43-43ea-8ab8-a174f6468481.jpg,1,0.9645667
../data/raw/sans_label/e0f9dcd2-d272-402f-bf67-835a41703e13.jpg,1,0.9858861
../data/raw/sans_label/e1a64f26-0a88-4168-9512-e9444df90d9c.jpg,1,0.99861383
../data/raw/sans_label/e1eb7488-1453-4ba7-b7ba-380a7821d501.jpg,1,0.9832054
../data/raw/sans_label/e1f0b2f9-7016-439b-ae96-b10a4f1b75b1.jpg,0,0.96397996
../data/raw/sans_label/e25854ec-d42e-4d75-b225-3ffbba81bd9e.jpg,1,0.98741895
../data/raw/sans_label/e2819c3d-f34b-4a6c-b629-e5fa88936e6d.jpg,1,0.9941738
../data/raw/sans_label/e29b6621-61bd-41cb-9039-8ba0748c77cc.jpg,1,0.9974304
../data/raw/sans_label/e3102899-9a33-4b7b-937e-debb6d16aeb1.jpg,1,0.9834751
../data/raw/sans_label/e31ccf86-45ab-42b1-9cb2-46f7ac5970a1.jpg,0,0.99379516
../data/raw/sans_label/e325c59e-b404-47e3-a101-a4a2487000a4.jpg,1,0.99274546
../data/raw/sans_label/e33926b9-f786-48d3-8690-6720daea325c.jpg,1,0.99897623
../data/raw/sans_label/e37116d4-26f1-4aec-b4fa-f51d00435a33.jpg,0,0.96242094
../data/raw/sans_label/e37c973d-ce02-47b5-aa9d-726ee50a0495.jpg,1,0.9875488
../data/raw/sans_label/e3c09bf9-708c-4934-87ca-1bbe5b21f0d3.jpg,1,0.9970921
../data/raw/sans_label/e4cb8806-6b55-49e7-aec0-f98f96c7f1c1.jpg,0,0.9922475
../data/raw/sans_label/e50940e5-a20a-4eb7-8c06-cb77a0123158.jpg,1,0.9717273
../data/raw/sans_label/e554e606-348a-47c4-a6cc-aa3c2194f631.jpg,1,0.98312795
../data/raw/sans_label/e596b9ee-1cc4-4bac-944f-fc380a5b924a.jpg,0,0.9867614
../data/raw/sans_label/e676b449-e191-429e-bd03-d5488754a242.jpg,1,0.96320033
../data/raw/sans_label/e6a1fd23-d912-4365-be9f-94f1d863566d.jpg,1,0.9834995
../data/raw/sans_label/e6f11dd9-7f43-44b2-a92c-0331a75b1479.jpg,1,0.96661925
../data/raw/sans_label/e7105e28-cf5d-4fd4-82ab-e5a70966436c.jpg,1,0.99441886
../data/raw/sans_label/e7b6d77b-bc2b-4eaf-9037-9cf275ce5a48.jpg,1,0.98321635
../data/raw/sans_label/e82984f0-ff5a-412e-9f76-ba6d93d7d2d6.jpg,1,0.96321416
../data/raw/sans_label/e8c5c861-755f-4a34-b15a-292e9fd05a33.jpg,1,0.9559091
../data/raw/sans_label/e91ff2a7-3285-4448-bcf3-564247f2e988.jpg,1,0.99176145
../data/raw/sans_label/e998d78e-42b9-44c4-b7ea-0b4cbe6b250d.jpg,1,0.9745691
../data/raw/sans_label/e9f6d279-0737-4ea3-b13c-59ff52bf016d.jpg,1,0.9955552
../data/raw/sans_label/ea40a05f-f03c-4923-aa49-11b27e3e9d57.jpg,1,0.9885251
../data/raw/sans_label/ea6aaf17-9aec-4254-a5aa-a90e6866751f.jpg,1,0.9861259
../data/raw/sans_label/ea7cd9df-e4e5-42d8-926b-7fa218c92918.jpg,1,0.9859968
../data/raw/sans_label/eb516a02-32f0-4bd5-b7d9-fe046df5ffc8.jpg,1,0.99462885
../data/raw/sans_label/ec526767-f086-4dbe-ae3a-412f79a9edd0.jpg,0,0.969386
../data/raw/sans_label/eca6422c-b1dd-4d70-a161-cce649119176.jpg,0,0.9835462
../data/raw/sans_label/ecb564c0-9102-4916-82c5-823bf4d7ac33.jpg,1,0.98849607
../data/raw/sans_label/ecd494ef-9aed-48e7-a2a3-99c91b46bfed.jpg,1,0.99113125
../data/raw/sans_label/ecdd85a0-adc9-4db5-acb5-23c4b010ead1.jpg,0,0.97207034
../data/raw/sans_label/ed07b9e0-d1b3-4a93-bdc7-c77c3b5037d9.jpg,0,0.95906603
../data/raw/sans_label/ed19a5b5-cf55-4914-be64-ec18ef8a896d.jpg,1,0.9962064
../data/raw/sans_label/ed1fea6a-ba35-471e-963e-05ee5d67fd63.jpg,1,0.9990717
../data/raw/sans_label/ed88b3db-1d6c-44c5-9e08-30c4a040910c.jpg,1,0.9967951
../data/raw/sans_label/edb3ee76-6415-4115-b3de-2968b0be5006.jpg,0,0.99676996
../data/raw/sans_label/ee0737c2-8bbd-4a77-b531-dd8fa5e3dcd9.jpg,1,0.97494817
../data/raw/sans_label/ee751cc3-cfee-4744-9f2d-16b177562ec1.jpg,1,0.9929361
../data/raw/sans_label/eeb3d054-1112-4072-af58-8311d03fdba6.jpg,1,0.9914473
../data/raw/sans_label/eebd905c-ee0f-44aa-a33f-fea3fab843a0.jpg,0,0.99457616
../data/raw/sans_label/f028075c-66fb-4764-acfb-39b1daeba4e6.jpg,0,0.9622522
../data/raw/sans_label/f052ad55-d9ab-446a-a19d-e85ff46f138c.jpg,0,0.97536963
../data/raw/sans_label/f059ae69-f3e0-4c16-8fbb-0b8c94ea31a1.jpg,1,0.95419925
../data/raw/sans_label/f0a21a25-1da2-41c1-b865-dbd187114858.jpg,1,0.9864807
../data/raw/sans_label/f120f5fe-495f-43aa-a88e-5cc023edf594.jpg,1,0.96470183
../data/raw/sans_label/f1984eff-6b19-4ca7-b623-9c757249bf04.jpg,1,0.9769519
../data/raw/sans_label/f199a8c8-85b6-49f4-bebc-f5ba26ff7852.jpg,0,0.9971075
../data/raw/sans_label/f19d1ab2-b3ec-439b-8b5b-2b455aee74ae.jpg,0,0.9859192
../data/raw/sans_label/f1c28168-17e9-41ce-88b8-1f0bcc8c5cc6.jpg,0,0.98356736
../data/raw/sans_label/f1c3b35d-c786-4675-a685-8801b87bbf20.jpg,1,0.9977335
../data/raw/sans_label/f2dc984e-3f0f-4d13-9301-f9e0b0e4e51e.jpg,1,0.9966119
../data/raw/sans_label/f2dd3eb8-320d-4e4a-b6d3-f76642ac654d.jpg,1,0.98302215
../data/raw/sans_label/f2e48e96-9d99-4e4c-a492-618674724d8d.jpg,1,0.9701302
../data/raw/sans_label/f2f97064-fd8d-4147-95cd-a180cfcfb913.jpg,0,0.9960827
../data/raw/sans_label/f324adf2-d0b4-4a5f-a648-6ac586eabd9a.jpg,1,0.96036536
../data/raw/sans_label/f3e24bd0-fc83-4eab-9ef7-23ecbc239db6.jpg,1,0.9824409
../data/raw/sans_label/f4047893-67fd-4a03-b0b6-dd7ecde83e41.jpg,1,0.95583016
../data/raw/sans_label/f416fc93-9b7d-4211-88be-e09539b1f9b1.jpg,1,0.9934187
../data/raw/sans_label/f44bf673-7385-48e9-90c1-7a154bbf27f7.jpg,1,0.99924195
../data/raw/sans_label/f4a379d3-af24-4114-a7c7-2765cd83f7d5.jpg,1,0.992241
../data/raw/sans_label/f4f16fea-acba-43fb-b742-3b6b9c9243b0.jpg,0,0.96789527
../data/raw/sans_label/f4f5d644-5d18-477f-b048-0e2cc5c3abe2.jpg,1,0.9914642
../data/raw/sans_label/f586d603-9443-482c-9953-929dbccb173a.jpg,1,0.98487735
../data/raw/sans_label/f58f4241-dafe-44ef-bf60-83929ed64b06.jpg,0,0.9886453
../data/raw/sans_label/f5b50212-f975-4a37-afa5-032b2a003298.jpg,0,0.96971965
../data/raw/sans_label/f6e10c2b-4aa7-49c4-bad2-dbd47dd30a78.jpg,0,0.9856911
../data/raw/sans_label/f7ae44c4-0045-4695-902e-2077b250d949.jpg,1,0.9800382
../data/raw/sans_label/f7bd52a1-eeaf-4480-a85c-53bdaf755cff.jpg,1,0.9641372
../data/raw/sans_label/f7ef8c54-df83-47af-8cd1-a6bf96731e35.jpg,0,0.9865945
../data/raw/sans_label/f825d461-7eb0-4bed-b0e3-f0c0ebde2cd5.jpg,0,0.99104965
../data/raw/sans_label/f87f69f7-91a0-45b8-a790-911e3879f174.jpg,1,0.9869364
../data/raw/sans_label/f8916dcf-ff6c-4b15-97d0-639b4964c443.jpg,1,0.97327155
../data/raw/sans_label/f8dda423-2779-4a01-a985-b8f09bcb0c01.jpg,0,0.9988616
../data/raw/sans_label/f944ba3b-78eb-4392-a365-9d079e327900.jpg,1,0.9866996
../data/raw/sans_label/f9466180-1e6b-4152-9176-6b4e2dc186ed.jpg,1,0.951573
../data/raw/sans_label/f97a64aa-6894-493b-978d-d5a133986272.jpg,1,0.99001807
../data/raw/sans_label/fa4bdb08-8c03-4f58-a309-52ca88173417.jpg,1,0.9500377
../data/raw/sans_label/fa9d7caf-6d7b-4a43-8d9f-00f2fc2d5944.jpg,0,0.983636
../data/raw/sans_label/fac0dc4c-bba4-4200-b4f1-c59850226986.jpg,1,0.9877713
../data/raw/sans_label/fb486ecf-2ace-4ce5-9d65-2702e4b64181.jpg,1,0.9937471
../data/raw/sans_label/fb6a7301-59d7-4e59-a351-093cf585b713.jpg,1,0.95952564
../data/raw/sans_label/fb81733b-ea25-4003-80c7-7e162a731331.jpg,1,0.9944575
../data/raw/sans_label/fb9d36e6-f30c-4943-8f6a-adfdcaac2356.jpg,0,0.9813332
../data/raw/sans_label/fbe0b07a-b152-45f3-8a65-61e7e4ef554a.jpg,0,0.97729176
../data/raw/sans_label/fc0c3deb-0017-42f3-9d08-d89405c58b8f.jpg,1,0.9883972
../data/raw/sans_label/fcc19978-f859-462a-b392-eb31378af641.jpg,1,0.9939136
../data/raw/sans_label/fce8f202-27e3-403f-986d-a6944abf85a8.jpg,1,0.9832638
../data/raw/sans_label/fced49dd-3752-42a0-a55c-03bc4e627614.jpg,1,0.9921869
../data/raw/sans_label/fdb0e481-28f5-44c5-bda7-21651af175cf.jpg,0,0.95166934
../data/raw/sans_label/fe4fdff6-284e-41f9-a55d-81725888b3df.jpg,1,0.9900378
../data/raw/sans_label/fecdc9e4-c3cf-490d-b5b4-b489a6d455bf.jpg,1,0.9519822
../data/raw/sans_label/ff3d5248-a7a7-47f6-8fe4-a44a45af64f5.jpg,1,0.9869784
../data/raw/sans_label/ff93375a-a8ea-4c44-9679-8b62ff51b9ef.jpg,1,0.99592376
../data/raw/sans_label/ffae953a-1429-4a56-a258-7c4c0160a117.jpg,1,0.9791048
